T02,"Population, density and surface area",,,,,
156,China,2022,Population mid-year estimates (millions),"1,425.89","Projected estimate (medium fertility variant).;For statistical purposes, the data for China do not include those for the Hong Kong Special Administrative Region (Hong Kong SAR), Macao Special Administrative Region (Macao SAR) and Taiwan Province of China.","United Nations Population Division, New York, World Population Prospects: The 2022 Revision, last accessed July 2022."
356,India,2022,Population mid-year estimates (millions),"1,417.17",Projected estimate (medium fertility variant).,"United Nations Population Division, New York, World Population Prospects: The 2022 Revision, last accessed July 2022."
840,United States of America,2022,Population mid-year estimates (millions),338.29,"Projected estimate (medium fertility variant).;For statistical purposes, the data for United States of America do not include American Samoa, Guam, Northern Mariana Islands, Puerto Rico, and United States Virgin Islands.","United Nations Population Division, New York, World Population Prospects: The 2022 Revision, last accessed July 2022."
360,Indonesia,2022,Population mid-year estimates (millions),275.5,Projected estimate (medium fertility variant).,"United Nations Population Division, New York, World Population Prospects: The 2022 Revision, last accessed July 2022."
586,Pakistan,2022,Population mid-year estimates (millions),235.82,Projected estimate (medium fertility variant).,"United Nations Population Division, New York, World Population Prospects: The 2022 Revision, last accessed July 2022."
566,Nigeria,2022,Population mid-year estimates (millions),218.54,Projected estimate (medium fertility variant).,"United Nations Population Division, New York, World Population Prospects: The 2022 Revision, last accessed July 2022."
76,Brazil,2022,Population mid-year estimates (millions),215.31,Projected estimate (medium fertility variant).,"United Nations Population Division, New York, World Population Prospects: The 2022 Revision, last accessed July 2022."
50,Bangladesh,2022,Population mid-year estimates (millions),171.19,Projected estimate (medium fertility variant).,"United Nations Population Division, New York, World Population Prospects: The 2022 Revision, last accessed July 2022."
643,Russian Federation,2022,Population mid-year estimates (millions),144.71,Projected estimate (medium fertility variant).,"United Nations Population Division, New York, World Population Prospects: The 2022 Revision, last accessed July 2022."
484,Mexico,2022,Population mid-year estimates (millions),127.5,Projected estimate (medium fertility variant).,"United Nations Population Division, New York, World Population Prospects: The 2022 Revision, last accessed July 2022."
392,Japan,2022,Population mid-year estimates (millions),123.95,Projected estimate (medium fertility variant).,"United Nations Population Division, New York, World Population Prospects: The 2022 Revision, last accessed July 2022."
231,Ethiopia,2022,Population mid-year estimates (millions),123.38,Projected estimate (medium fertility variant).,"United Nations Population Division, New York, World Population Prospects: The 2022 Revision, last accessed July 2022."
608,Philippines,2022,Population mid-year estimates (millions),115.56,Projected estimate (medium fertility variant).,"United Nations Population Division, New York, World Population Prospects: The 2022 Revision, last accessed July 2022."
818,Egypt,2022,Population mid-year estimates (millions),110.99,Projected estimate (medium fertility variant).,"United Nations Population Division, New York, World Population Prospects: The 2022 Revision, last accessed July 2022."
180,Dem. Rep. of the Congo,2022,Population mid-year estimates (millions),99.01,Projected estimate (medium fertility variant).,"United Nations Population Division, New York, World Population Prospects: The 2022 Revision, last accessed July 2022."
704,Viet Nam,2022,Population mid-year estimates (millions),98.19,Projected estimate (medium fertility variant).,"United Nations Population Division, New York, World Population Prospects: The 2022 Revision, last accessed July 2022."
364,Iran (Islamic Republic of),2022,Population mid-year estimates (millions),88.55,Projected estimate (medium fertility variant).,"United Nations Population Division, New York, World Population Prospects: The 2022 Revision, last accessed July 2022."
792,Türkiye,2022,Population mid-year estimates (millions),85.34,Projected estimate (medium fertility variant).,"United Nations Population Division, New York, World Population Prospects: The 2022 Revision, last accessed July 2022."
276,Germany,2022,Population mid-year estimates (millions),83.37,Projected estimate (medium fertility variant).,"United Nations Population Division, New York, World Population Prospects: The 2022 Revision, last accessed July 2022."
722,SIDS,2022,Population mid-year estimates (millions),74.36,Projected estimate (medium fertility variant).,"United Nations Population Division, New York, World Population Prospects: The 2022 Revision, last accessed July 2022."
764,Thailand,2022,Population mid-year estimates (millions),71.7,Projected estimate (medium fertility variant).,"United Nations Population Division, New York, World Population Prospects: The 2022 Revision, last accessed July 2022."
826,United Kingdom,2022,Population mid-year estimates (millions),67.51,"Projected estimate (medium fertility variant).;Refers to the United Kingdom of Great Britain and Northern Ireland. For statistical purposes, the data for United Kingdom do not include Anguilla, Bermuda, British Virgin Islands, Cayman Islands, Channel Islands, Falkland Islands (Malvinas), Gibraltar, Isle of Man, Montserrat, Saint Helena, Turks and Caicos Islands.","United Nations Population Division, New York, World Population Prospects: The 2022 Revision, last accessed July 2022."
834,United Rep. of Tanzania,2022,Population mid-year estimates (millions),65.5,Projected estimate (medium fertility variant).;Including Zanzibar.,"United Nations Population Division, New York, World Population Prospects: The 2022 Revision, last accessed July 2022."
250,France,2022,Population mid-year estimates (millions),64.63,"Projected estimate (medium fertility variant).;For statistical purposes, the data for France do not include French Guiana, French Polynesia, Guadeloupe, Martinique, Mayotte, New Caledonia, Réunion, Saint Pierre and Miquelon, Saint Barthélemy, Saint Martin (French part), Wallis and Futuna Islands.","United Nations Population Division, New York, World Population Prospects: The 2022 Revision, last accessed July 2022."
710,South Africa,2022,Population mid-year estimates (millions),59.89,Projected estimate (medium fertility variant).,"United Nations Population Division, New York, World Population Prospects: The 2022 Revision, last accessed July 2022."
380,Italy,2022,Population mid-year estimates (millions),59.04,Projected estimate (medium fertility variant).,"United Nations Population Division, New York, World Population Prospects: The 2022 Revision, last accessed July 2022."
104,Myanmar,2022,Population mid-year estimates (millions),54.18,Projected estimate (medium fertility variant).,"United Nations Population Division, New York, World Population Prospects: The 2022 Revision, last accessed July 2022."
404,Kenya,2022,Population mid-year estimates (millions),54.03,Projected estimate (medium fertility variant).,"United Nations Population Division, New York, World Population Prospects: The 2022 Revision, last accessed July 2022."
170,Colombia,2022,Population mid-year estimates (millions),51.87,Projected estimate (medium fertility variant).,"United Nations Population Division, New York, World Population Prospects: The 2022 Revision, last accessed July 2022."
410,Republic of Korea,2022,Population mid-year estimates (millions),51.82,Projected estimate (medium fertility variant).,"United Nations Population Division, New York, World Population Prospects: The 2022 Revision, last accessed July 2022."
724,Spain,2022,Population mid-year estimates (millions),47.56,"Projected estimate (medium fertility variant).;Including Canary Islands, Ceuta and Melilla.","United Nations Population Division, New York, World Population Prospects: The 2022 Revision, last accessed July 2022."
800,Uganda,2022,Population mid-year estimates (millions),47.25,Projected estimate (medium fertility variant).,"United Nations Population Division, New York, World Population Prospects: The 2022 Revision, last accessed July 2022."
729,Sudan,2022,Population mid-year estimates (millions),46.87,Projected estimate (medium fertility variant).,"United Nations Population Division, New York, World Population Prospects: The 2022 Revision, last accessed July 2022."
32,Argentina,2022,Population mid-year estimates (millions),45.51,Projected estimate (medium fertility variant).,"United Nations Population Division, New York, World Population Prospects: The 2022 Revision, last accessed July 2022."
12,Algeria,2022,Population mid-year estimates (millions),44.9,Projected estimate (medium fertility variant).,"United Nations Population Division, New York, World Population Prospects: The 2022 Revision, last accessed July 2022."
368,Iraq,2022,Population mid-year estimates (millions),44.5,Projected estimate (medium fertility variant).,"United Nations Population Division, New York, World Population Prospects: The 2022 Revision, last accessed July 2022."
4,Afghanistan,2022,Population mid-year estimates (millions),41.13,Projected estimate (medium fertility variant).,"United Nations Population Division, New York, World Population Prospects: The 2022 Revision, last accessed July 2022."
616,Poland,2022,Population mid-year estimates (millions),39.86,Projected estimate (medium fertility variant).,"United Nations Population Division, New York, World Population Prospects: The 2022 Revision, last accessed July 2022."
804,Ukraine,2022,Population mid-year estimates (millions),39.7,Projected estimate (medium fertility variant).;Including Crimea.,"United Nations Population Division, New York, World Population Prospects: The 2022 Revision, last accessed July 2022."
124,Canada,2022,Population mid-year estimates (millions),38.45,Projected estimate (medium fertility variant).,"United Nations Population Division, New York, World Population Prospects: The 2022 Revision, last accessed July 2022."
504,Morocco,2022,Population mid-year estimates (millions),37.46,Projected estimate (medium fertility variant).,"United Nations Population Division, New York, World Population Prospects: The 2022 Revision, last accessed July 2022."
682,Saudi Arabia,2022,Population mid-year estimates (millions),36.41,Projected estimate (medium fertility variant).,"United Nations Population Division, New York, World Population Prospects: The 2022 Revision, last accessed July 2022."
24,Angola,2022,Population mid-year estimates (millions),35.59,Projected estimate (medium fertility variant).,"United Nations Population Division, New York, World Population Prospects: The 2022 Revision, last accessed July 2022."
860,Uzbekistan,2022,Population mid-year estimates (millions),34.63,Projected estimate (medium fertility variant).,"United Nations Population Division, New York, World Population Prospects: The 2022 Revision, last accessed July 2022."
604,Peru,2022,Population mid-year estimates (millions),34.05,Projected estimate (medium fertility variant).,"United Nations Population Division, New York, World Population Prospects: The 2022 Revision, last accessed July 2022."
458,Malaysia,2022,Population mid-year estimates (millions),33.94,Projected estimate (medium fertility variant).;Including Sabah and Sarawak.,"United Nations Population Division, New York, World Population Prospects: The 2022 Revision, last accessed July 2022."
887,Yemen,2022,Population mid-year estimates (millions),33.7,Projected estimate (medium fertility variant).,"United Nations Population Division, New York, World Population Prospects: The 2022 Revision, last accessed July 2022."
288,Ghana,2022,Population mid-year estimates (millions),33.48,Projected estimate (medium fertility variant).,"United Nations Population Division, New York, World Population Prospects: The 2022 Revision, last accessed July 2022."
508,Mozambique,2022,Population mid-year estimates (millions),32.97,Projected estimate (medium fertility variant).,"United Nations Population Division, New York, World Population Prospects: The 2022 Revision, last accessed July 2022."
524,Nepal,2022,Population mid-year estimates (millions),30.55,Projected estimate (medium fertility variant).,"United Nations Population Division, New York, World Population Prospects: The 2022 Revision, last accessed July 2022."
450,Madagascar,2022,Population mid-year estimates (millions),29.61,Projected estimate (medium fertility variant).,"United Nations Population Division, New York, World Population Prospects: The 2022 Revision, last accessed July 2022."
862,Venezuela (Boliv. Rep. of),2022,Population mid-year estimates (millions),28.3,Projected estimate (medium fertility variant).,"United Nations Population Division, New York, World Population Prospects: The 2022 Revision, last accessed July 2022."
384,Côte d’Ivoire,2022,Population mid-year estimates (millions),28.16,Projected estimate (medium fertility variant).,"United Nations Population Division, New York, World Population Prospects: The 2022 Revision, last accessed July 2022."
120,Cameroon,2022,Population mid-year estimates (millions),27.91,Projected estimate (medium fertility variant).,"United Nations Population Division, New York, World Population Prospects: The 2022 Revision, last accessed July 2022."
562,Niger,2022,Population mid-year estimates (millions),26.21,Projected estimate (medium fertility variant).,"United Nations Population Division, New York, World Population Prospects: The 2022 Revision, last accessed July 2022."
36,Australia,2022,Population mid-year estimates (millions),26.18,"Projected estimate (medium fertility variant).;Including Christmas Island, Cocos (Keeling) Islands and Norfolk Island.","United Nations Population Division, New York, World Population Prospects: The 2022 Revision, last accessed July 2022."
408,Dem. People's Rep. Korea,2022,Population mid-year estimates (millions),26.07,Projected estimate (medium fertility variant).,"United Nations Population Division, New York, World Population Prospects: The 2022 Revision, last accessed July 2022."
158,Other non-specified areas,2022,Population mid-year estimates (millions),23.89,"For statistical purposes, the data for China do not include this area.;Projected estimate (medium fertility variant).","United Nations Population Division, New York, World Population Prospects: The 2022 Revision, last accessed July 2022."
854,Burkina Faso,2022,Population mid-year estimates (millions),22.67,Projected estimate (medium fertility variant).,"United Nations Population Division, New York, World Population Prospects: The 2022 Revision, last accessed July 2022."
466,Mali,2022,Population mid-year estimates (millions),22.59,Projected estimate (medium fertility variant).,"United Nations Population Division, New York, World Population Prospects: The 2022 Revision, last accessed July 2022."
760,Syrian Arab Republic,2022,Population mid-year estimates (millions),22.13,Projected estimate (medium fertility variant).,"United Nations Population Division, New York, World Population Prospects: The 2022 Revision, last accessed July 2022."
144,Sri Lanka,2022,Population mid-year estimates (millions),21.83,Projected estimate (medium fertility variant).,"United Nations Population Division, New York, World Population Prospects: The 2022 Revision, last accessed July 2022."
454,Malawi,2022,Population mid-year estimates (millions),20.41,Projected estimate (medium fertility variant).,"United Nations Population Division, New York, World Population Prospects: The 2022 Revision, last accessed July 2022."
894,Zambia,2022,Population mid-year estimates (millions),20.02,Projected estimate (medium fertility variant).,"United Nations Population Division, New York, World Population Prospects: The 2022 Revision, last accessed July 2022."
642,Romania,2022,Population mid-year estimates (millions),19.66,Projected estimate (medium fertility variant).,"United Nations Population Division, New York, World Population Prospects: The 2022 Revision, last accessed July 2022."
152,Chile,2022,Population mid-year estimates (millions),19.6,Projected estimate (medium fertility variant).,"United Nations Population Division, New York, World Population Prospects: The 2022 Revision, last accessed July 2022."
398,Kazakhstan,2022,Population mid-year estimates (millions),19.4,Projected estimate (medium fertility variant).,"United Nations Population Division, New York, World Population Prospects: The 2022 Revision, last accessed July 2022."
218,Ecuador,2022,Population mid-year estimates (millions),18,Projected estimate (medium fertility variant).,"United Nations Population Division, New York, World Population Prospects: The 2022 Revision, last accessed July 2022."
320,Guatemala,2022,Population mid-year estimates (millions),17.84,Projected estimate (medium fertility variant).,"United Nations Population Division, New York, World Population Prospects: The 2022 Revision, last accessed July 2022."
148,Chad,2022,Population mid-year estimates (millions),17.72,Projected estimate (medium fertility variant).,"United Nations Population Division, New York, World Population Prospects: The 2022 Revision, last accessed July 2022."
706,Somalia,2022,Population mid-year estimates (millions),17.6,Projected estimate (medium fertility variant).,"United Nations Population Division, New York, World Population Prospects: The 2022 Revision, last accessed July 2022."
528,Netherlands (Kingdom of the),2022,Population mid-year estimates (millions),17.56,"Projected estimate (medium fertility variant).;For statistical purposes, the data for Netherlands do not include Aruba, Bonaire, Sint Eustatius and Saba, Curaçao, and Sint Maarten (Dutch part).","United Nations Population Division, New York, World Population Prospects: The 2022 Revision, last accessed July 2022."
686,Senegal,2022,Population mid-year estimates (millions),17.32,Projected estimate (medium fertility variant).,"United Nations Population Division, New York, World Population Prospects: The 2022 Revision, last accessed July 2022."
116,Cambodia,2022,Population mid-year estimates (millions),16.77,Projected estimate (medium fertility variant).,"United Nations Population Division, New York, World Population Prospects: The 2022 Revision, last accessed July 2022."
716,Zimbabwe,2022,Population mid-year estimates (millions),16.32,Projected estimate (medium fertility variant).,"United Nations Population Division, New York, World Population Prospects: The 2022 Revision, last accessed July 2022."
324,Guinea,2022,Population mid-year estimates (millions),13.86,Projected estimate (medium fertility variant).,"United Nations Population Division, New York, World Population Prospects: The 2022 Revision, last accessed July 2022."
646,Rwanda,2022,Population mid-year estimates (millions),13.78,Projected estimate (medium fertility variant).,"United Nations Population Division, New York, World Population Prospects: The 2022 Revision, last accessed July 2022."
204,Benin,2022,Population mid-year estimates (millions),13.35,Projected estimate (medium fertility variant).,"United Nations Population Division, New York, World Population Prospects: The 2022 Revision, last accessed July 2022."
108,Burundi,2022,Population mid-year estimates (millions),12.89,Projected estimate (medium fertility variant).,"United Nations Population Division, New York, World Population Prospects: The 2022 Revision, last accessed July 2022."
788,Tunisia,2022,Population mid-year estimates (millions),12.36,Projected estimate (medium fertility variant).,"United Nations Population Division, New York, World Population Prospects: The 2022 Revision, last accessed July 2022."
68,Bolivia (Plurin. State of),2022,Population mid-year estimates (millions),12.22,Projected estimate (medium fertility variant).,"United Nations Population Division, New York, World Population Prospects: The 2022 Revision, last accessed July 2022."
56,Belgium,2022,Population mid-year estimates (millions),11.66,Projected estimate (medium fertility variant).,"United Nations Population Division, New York, World Population Prospects: The 2022 Revision, last accessed July 2022."
332,Haiti,2022,Population mid-year estimates (millions),11.59,Projected estimate (medium fertility variant).,"United Nations Population Division, New York, World Population Prospects: The 2022 Revision, last accessed July 2022."
400,Jordan,2022,Population mid-year estimates (millions),11.29,Projected estimate (medium fertility variant).,"United Nations Population Division, New York, World Population Prospects: The 2022 Revision, last accessed July 2022."
214,Dominican Republic,2022,Population mid-year estimates (millions),11.23,Projected estimate (medium fertility variant).,"United Nations Population Division, New York, World Population Prospects: The 2022 Revision, last accessed July 2022."
192,Cuba,2022,Population mid-year estimates (millions),11.21,Projected estimate (medium fertility variant).,"United Nations Population Division, New York, World Population Prospects: The 2022 Revision, last accessed July 2022."
728,South Sudan,2022,Population mid-year estimates (millions),10.91,Projected estimate (medium fertility variant).,"United Nations Population Division, New York, World Population Prospects: The 2022 Revision, last accessed July 2022."
752,Sweden,2022,Population mid-year estimates (millions),10.55,Projected estimate (medium fertility variant).,"United Nations Population Division, New York, World Population Prospects: The 2022 Revision, last accessed July 2022."
203,Czechia,2022,Population mid-year estimates (millions),10.49,Projected estimate (medium fertility variant).,"United Nations Population Division, New York, World Population Prospects: The 2022 Revision, last accessed July 2022."
340,Honduras,2022,Population mid-year estimates (millions),10.43,Projected estimate (medium fertility variant).,"United Nations Population Division, New York, World Population Prospects: The 2022 Revision, last accessed July 2022."
300,Greece,2022,Population mid-year estimates (millions),10.39,Projected estimate (medium fertility variant).,"United Nations Population Division, New York, World Population Prospects: The 2022 Revision, last accessed July 2022."
31,Azerbaijan,2022,Population mid-year estimates (millions),10.36,Projected estimate (medium fertility variant).;Including Nagorno-Karabakh.,"United Nations Population Division, New York, World Population Prospects: The 2022 Revision, last accessed July 2022."
620,Portugal,2022,Population mid-year estimates (millions),10.27,Projected estimate (medium fertility variant).,"United Nations Population Division, New York, World Population Prospects: The 2022 Revision, last accessed July 2022."
598,Papua New Guinea,2022,Population mid-year estimates (millions),10.14,Projected estimate (medium fertility variant).,"United Nations Population Division, New York, World Population Prospects: The 2022 Revision, last accessed July 2022."
348,Hungary,2022,Population mid-year estimates (millions),9.97,Projected estimate (medium fertility variant).,"United Nations Population Division, New York, World Population Prospects: The 2022 Revision, last accessed July 2022."
762,Tajikistan,2022,Population mid-year estimates (millions),9.95,Projected estimate (medium fertility variant).,"United Nations Population Division, New York, World Population Prospects: The 2022 Revision, last accessed July 2022."
112,Belarus,2022,Population mid-year estimates (millions),9.54,Projected estimate (medium fertility variant).,"United Nations Population Division, New York, World Population Prospects: The 2022 Revision, last accessed July 2022."
784,United Arab Emirates,2022,Population mid-year estimates (millions),9.44,Projected estimate (medium fertility variant).,"United Nations Population Division, New York, World Population Prospects: The 2022 Revision, last accessed July 2022."
376,Israel,2022,Population mid-year estimates (millions),9.04,Projected estimate (medium fertility variant).,"United Nations Population Division, New York, World Population Prospects: The 2022 Revision, last accessed July 2022."
40,Austria,2022,Population mid-year estimates (millions),8.94,Projected estimate (medium fertility variant).,"United Nations Population Division, New York, World Population Prospects: The 2022 Revision, last accessed July 2022."
768,Togo,2022,Population mid-year estimates (millions),8.85,Projected estimate (medium fertility variant).,"United Nations Population Division, New York, World Population Prospects: The 2022 Revision, last accessed July 2022."
756,Switzerland,2022,Population mid-year estimates (millions),8.74,Projected estimate (medium fertility variant).,"United Nations Population Division, New York, World Population Prospects: The 2022 Revision, last accessed July 2022."
694,Sierra Leone,2022,Population mid-year estimates (millions),8.61,Projected estimate (medium fertility variant).,"United Nations Population Division, New York, World Population Prospects: The 2022 Revision, last accessed July 2022."
418,Lao People's Dem. Rep.,2022,Population mid-year estimates (millions),7.53,Projected estimate (medium fertility variant).,"United Nations Population Division, New York, World Population Prospects: The 2022 Revision, last accessed July 2022."
344,"China, Hong Kong SAR",2022,Population mid-year estimates (millions),7.49,Projected estimate (medium fertility variant).,"United Nations Population Division, New York, World Population Prospects: The 2022 Revision, last accessed July 2022."
688,Serbia,2022,Population mid-year estimates (millions),7.22,Projected estimate (medium fertility variant).;Excluding Kosovo.,"United Nations Population Division, New York, World Population Prospects: The 2022 Revision, last accessed July 2022."
558,Nicaragua,2022,Population mid-year estimates (millions),6.95,Projected estimate (medium fertility variant).,"United Nations Population Division, New York, World Population Prospects: The 2022 Revision, last accessed July 2022."
434,Libya,2022,Population mid-year estimates (millions),6.81,Projected estimate (medium fertility variant).,"United Nations Population Division, New York, World Population Prospects: The 2022 Revision, last accessed July 2022."
100,Bulgaria,2022,Population mid-year estimates (millions),6.78,Projected estimate (medium fertility variant).,"United Nations Population Division, New York, World Population Prospects: The 2022 Revision, last accessed July 2022."
600,Paraguay,2022,Population mid-year estimates (millions),6.78,Projected estimate (medium fertility variant).,"United Nations Population Division, New York, World Population Prospects: The 2022 Revision, last accessed July 2022."
417,Kyrgyzstan,2022,Population mid-year estimates (millions),6.63,Projected estimate (medium fertility variant).,"United Nations Population Division, New York, World Population Prospects: The 2022 Revision, last accessed July 2022."
795,Turkmenistan,2022,Population mid-year estimates (millions),6.43,Projected estimate (medium fertility variant).,"United Nations Population Division, New York, World Population Prospects: The 2022 Revision, last accessed July 2022."
222,El Salvador,2022,Population mid-year estimates (millions),6.34,Projected estimate (medium fertility variant).,"United Nations Population Division, New York, World Population Prospects: The 2022 Revision, last accessed July 2022."
702,Singapore,2022,Population mid-year estimates (millions),5.98,Projected estimate (medium fertility variant).,"United Nations Population Division, New York, World Population Prospects: The 2022 Revision, last accessed July 2022."
178,Congo,2022,Population mid-year estimates (millions),5.97,Projected estimate (medium fertility variant).,"United Nations Population Division, New York, World Population Prospects: The 2022 Revision, last accessed July 2022."
208,Denmark,2022,Population mid-year estimates (millions),5.88,"Projected estimate (medium fertility variant).;For statistical purposes, the data for Denmark do not include Faroe Islands, and Greenland.","United Nations Population Division, New York, World Population Prospects: The 2022 Revision, last accessed July 2022."
703,Slovakia,2022,Population mid-year estimates (millions),5.64,Projected estimate (medium fertility variant).,"United Nations Population Division, New York, World Population Prospects: The 2022 Revision, last accessed July 2022."
140,Central African Republic,2022,Population mid-year estimates (millions),5.58,Projected estimate (medium fertility variant).,"United Nations Population Division, New York, World Population Prospects: The 2022 Revision, last accessed July 2022."
246,Finland,2022,Population mid-year estimates (millions),5.54,Projected estimate (medium fertility variant).;Including Åland Islands.,"United Nations Population Division, New York, World Population Prospects: The 2022 Revision, last accessed July 2022."
422,Lebanon,2022,Population mid-year estimates (millions),5.49,Projected estimate (medium fertility variant).,"United Nations Population Division, New York, World Population Prospects: The 2022 Revision, last accessed July 2022."
578,Norway,2022,Population mid-year estimates (millions),5.43,Projected estimate (medium fertility variant).;Including Svalbard and Jan Mayen Islands.,"United Nations Population Division, New York, World Population Prospects: The 2022 Revision, last accessed July 2022."
430,Liberia,2022,Population mid-year estimates (millions),5.3,Projected estimate (medium fertility variant).,"United Nations Population Division, New York, World Population Prospects: The 2022 Revision, last accessed July 2022."
275,State of Palestine,2022,Population mid-year estimates (millions),5.25,Projected estimate (medium fertility variant).;Including East Jerusalem.,"United Nations Population Division, New York, World Population Prospects: The 2022 Revision, last accessed July 2022."
554,New Zealand,2022,Population mid-year estimates (millions),5.19,"Projected estimate (medium fertility variant).;For statistical purposes, the data for New Zealand do not include Cook Islands, Niue, and Tokelau.","United Nations Population Division, New York, World Population Prospects: The 2022 Revision, last accessed July 2022."
188,Costa Rica,2022,Population mid-year estimates (millions),5.18,Projected estimate (medium fertility variant).,"United Nations Population Division, New York, World Population Prospects: The 2022 Revision, last accessed July 2022."
372,Ireland,2022,Population mid-year estimates (millions),5.02,Projected estimate (medium fertility variant).,"United Nations Population Division, New York, World Population Prospects: The 2022 Revision, last accessed July 2022."
478,Mauritania,2022,Population mid-year estimates (millions),4.74,Projected estimate (medium fertility variant).,"United Nations Population Division, New York, World Population Prospects: The 2022 Revision, last accessed July 2022."
512,Oman,2022,Population mid-year estimates (millions),4.58,Projected estimate (medium fertility variant).,"United Nations Population Division, New York, World Population Prospects: The 2022 Revision, last accessed July 2022."
591,Panama,2022,Population mid-year estimates (millions),4.41,Projected estimate (medium fertility variant).,"United Nations Population Division, New York, World Population Prospects: The 2022 Revision, last accessed July 2022."
414,Kuwait,2022,Population mid-year estimates (millions),4.27,Projected estimate (medium fertility variant).,"United Nations Population Division, New York, World Population Prospects: The 2022 Revision, last accessed July 2022."
191,Croatia,2022,Population mid-year estimates (millions),4.03,Projected estimate (medium fertility variant).,"United Nations Population Division, New York, World Population Prospects: The 2022 Revision, last accessed July 2022."
268,Georgia,2022,Population mid-year estimates (millions),3.74,Projected estimate (medium fertility variant).;Including Abkhazia and South Ossetia.,"United Nations Population Division, New York, World Population Prospects: The 2022 Revision, last accessed July 2022."
232,Eritrea,2022,Population mid-year estimates (millions),3.68,Projected estimate (medium fertility variant).,"United Nations Population Division, New York, World Population Prospects: The 2022 Revision, last accessed July 2022."
858,Uruguay,2022,Population mid-year estimates (millions),3.42,Projected estimate (medium fertility variant).,"United Nations Population Division, New York, World Population Prospects: The 2022 Revision, last accessed July 2022."
496,Mongolia,2022,Population mid-year estimates (millions),3.4,Projected estimate (medium fertility variant).,"United Nations Population Division, New York, World Population Prospects: The 2022 Revision, last accessed July 2022."
498,Republic of Moldova,2022,Population mid-year estimates (millions),3.27,Projected estimate (medium fertility variant).;Including the Transnistria region.,"United Nations Population Division, New York, World Population Prospects: The 2022 Revision, last accessed July 2022."
630,Puerto Rico,2022,Population mid-year estimates (millions),3.25,Projected estimate (medium fertility variant).,"United Nations Population Division, New York, World Population Prospects: The 2022 Revision, last accessed July 2022."
70,Bosnia and Herzegovina,2022,Population mid-year estimates (millions),3.23,Projected estimate (medium fertility variant).,"United Nations Population Division, New York, World Population Prospects: The 2022 Revision, last accessed July 2022."
8,Albania,2022,Population mid-year estimates (millions),2.84,Projected estimate (medium fertility variant).,"United Nations Population Division, New York, World Population Prospects: The 2022 Revision, last accessed July 2022."
388,Jamaica,2022,Population mid-year estimates (millions),2.83,Projected estimate (medium fertility variant).,"United Nations Population Division, New York, World Population Prospects: The 2022 Revision, last accessed July 2022."
51,Armenia,2022,Population mid-year estimates (millions),2.78,Projected estimate (medium fertility variant).,"United Nations Population Division, New York, World Population Prospects: The 2022 Revision, last accessed July 2022."
440,Lithuania,2022,Population mid-year estimates (millions),2.75,Projected estimate (medium fertility variant).,"United Nations Population Division, New York, World Population Prospects: The 2022 Revision, last accessed July 2022."
270,Gambia,2022,Population mid-year estimates (millions),2.71,Projected estimate (medium fertility variant).,"United Nations Population Division, New York, World Population Prospects: The 2022 Revision, last accessed July 2022."
634,Qatar,2022,Population mid-year estimates (millions),2.7,Projected estimate (medium fertility variant).,"United Nations Population Division, New York, World Population Prospects: The 2022 Revision, last accessed July 2022."
72,Botswana,2022,Population mid-year estimates (millions),2.63,Projected estimate (medium fertility variant).,"United Nations Population Division, New York, World Population Prospects: The 2022 Revision, last accessed July 2022."
516,Namibia,2022,Population mid-year estimates (millions),2.57,Projected estimate (medium fertility variant).,"United Nations Population Division, New York, World Population Prospects: The 2022 Revision, last accessed July 2022."
266,Gabon,2022,Population mid-year estimates (millions),2.39,Projected estimate (medium fertility variant).,"United Nations Population Division, New York, World Population Prospects: The 2022 Revision, last accessed July 2022."
426,Lesotho,2022,Population mid-year estimates (millions),2.31,Projected estimate (medium fertility variant).,"United Nations Population Division, New York, World Population Prospects: The 2022 Revision, last accessed July 2022."
705,Slovenia,2022,Population mid-year estimates (millions),2.12,Projected estimate (medium fertility variant).,"United Nations Population Division, New York, World Population Prospects: The 2022 Revision, last accessed July 2022."
624,Guinea-Bissau,2022,Population mid-year estimates (millions),2.11,Projected estimate (medium fertility variant).,"United Nations Population Division, New York, World Population Prospects: The 2022 Revision, last accessed July 2022."
807,North Macedonia,2022,Population mid-year estimates (millions),2.09,Projected estimate (medium fertility variant).,"United Nations Population Division, New York, World Population Prospects: The 2022 Revision, last accessed July 2022."
428,Latvia,2022,Population mid-year estimates (millions),1.85,Projected estimate (medium fertility variant).,"United Nations Population Division, New York, World Population Prospects: The 2022 Revision, last accessed July 2022."
226,Equatorial Guinea,2022,Population mid-year estimates (millions),1.67,Projected estimate (medium fertility variant).,"United Nations Population Division, New York, World Population Prospects: The 2022 Revision, last accessed July 2022."
780,Trinidad and Tobago,2022,Population mid-year estimates (millions),1.53,Projected estimate (medium fertility variant).,"United Nations Population Division, New York, World Population Prospects: The 2022 Revision, last accessed July 2022."
48,Bahrain,2022,Population mid-year estimates (millions),1.47,Projected estimate (medium fertility variant).,"United Nations Population Division, New York, World Population Prospects: The 2022 Revision, last accessed July 2022."
626,Timor-Leste,2022,Population mid-year estimates (millions),1.34,Projected estimate (medium fertility variant).,"United Nations Population Division, New York, World Population Prospects: The 2022 Revision, last accessed July 2022."
233,Estonia,2022,Population mid-year estimates (millions),1.33,Projected estimate (medium fertility variant).,"United Nations Population Division, New York, World Population Prospects: The 2022 Revision, last accessed July 2022."
480,Mauritius,2022,Population mid-year estimates (millions),1.3,"Projected estimate (medium fertility variant).;Including Agalega, Rodrigues and Saint Brandon.","United Nations Population Division, New York, World Population Prospects: The 2022 Revision, last accessed July 2022."
196,Cyprus,2022,Population mid-year estimates (millions),1.25,Projected estimate (medium fertility variant).;Refers to the whole country.,"United Nations Population Division, New York, World Population Prospects: The 2022 Revision, last accessed July 2022."
748,Eswatini,2022,Population mid-year estimates (millions),1.2,Projected estimate (medium fertility variant).,"United Nations Population Division, New York, World Population Prospects: The 2022 Revision, last accessed July 2022."
262,Djibouti,2022,Population mid-year estimates (millions),1.12,Projected estimate (medium fertility variant).,"United Nations Population Division, New York, World Population Prospects: The 2022 Revision, last accessed July 2022."
638,Réunion,2022,Population mid-year estimates (millions),0.97,"Projected estimate (medium fertility variant).;For statistical purposes, the data for France do not include this area.","United Nations Population Division, New York, World Population Prospects: The 2022 Revision, last accessed July 2022."
242,Fiji,2022,Population mid-year estimates (millions),0.93,Projected estimate (medium fertility variant).,"United Nations Population Division, New York, World Population Prospects: The 2022 Revision, last accessed July 2022."
174,Comoros,2022,Population mid-year estimates (millions),0.84,Projected estimate (medium fertility variant).,"United Nations Population Division, New York, World Population Prospects: The 2022 Revision, last accessed July 2022."
328,Guyana,2022,Population mid-year estimates (millions),0.81,Projected estimate (medium fertility variant).,"United Nations Population Division, New York, World Population Prospects: The 2022 Revision, last accessed July 2022."
64,Bhutan,2022,Population mid-year estimates (millions),0.78,Projected estimate (medium fertility variant).,"United Nations Population Division, New York, World Population Prospects: The 2022 Revision, last accessed July 2022."
90,Solomon Islands,2022,Population mid-year estimates (millions),0.72,Projected estimate (medium fertility variant).,"United Nations Population Division, New York, World Population Prospects: The 2022 Revision, last accessed July 2022."
446,"China, Macao SAR",2022,Population mid-year estimates (millions),0.7,Projected estimate (medium fertility variant).,"United Nations Population Division, New York, World Population Prospects: The 2022 Revision, last accessed July 2022."
442,Luxembourg,2022,Population mid-year estimates (millions),0.65,Projected estimate (medium fertility variant).,"United Nations Population Division, New York, World Population Prospects: The 2022 Revision, last accessed July 2022."
499,Montenegro,2022,Population mid-year estimates (millions),0.63,Projected estimate (medium fertility variant).,"United Nations Population Division, New York, World Population Prospects: The 2022 Revision, last accessed July 2022."
740,Suriname,2022,Population mid-year estimates (millions),0.62,Projected estimate (medium fertility variant).,"United Nations Population Division, New York, World Population Prospects: The 2022 Revision, last accessed July 2022."
132,Cabo Verde,2022,Population mid-year estimates (millions),0.59,Projected estimate (medium fertility variant).,"United Nations Population Division, New York, World Population Prospects: The 2022 Revision, last accessed July 2022."
732,Western Sahara,2022,Population mid-year estimates (millions),0.58,Projected estimate (medium fertility variant).,"United Nations Population Division, New York, World Population Prospects: The 2022 Revision, last accessed July 2022."
470,Malta,2022,Population mid-year estimates (millions),0.53,Projected estimate (medium fertility variant).,"United Nations Population Division, New York, World Population Prospects: The 2022 Revision, last accessed July 2022."
462,Maldives,2022,Population mid-year estimates (millions),0.52,Projected estimate (medium fertility variant).,"United Nations Population Division, New York, World Population Prospects: The 2022 Revision, last accessed July 2022."
96,Brunei Darussalam,2022,Population mid-year estimates (millions),0.45,Projected estimate (medium fertility variant).,"United Nations Population Division, New York, World Population Prospects: The 2022 Revision, last accessed July 2022."
44,Bahamas,2022,Population mid-year estimates (millions),0.41,Projected estimate (medium fertility variant).,"United Nations Population Division, New York, World Population Prospects: The 2022 Revision, last accessed July 2022."
84,Belize,2022,Population mid-year estimates (millions),0.41,Projected estimate (medium fertility variant).,"United Nations Population Division, New York, World Population Prospects: The 2022 Revision, last accessed July 2022."
312,Guadeloupe,2022,Population mid-year estimates (millions),0.4,"Projected estimate (medium fertility variant).;For statistical purposes, the data for France do not include this area.","United Nations Population Division, New York, World Population Prospects: The 2022 Revision, last accessed July 2022."
352,Iceland,2022,Population mid-year estimates (millions),0.37,Projected estimate (medium fertility variant).,"United Nations Population Division, New York, World Population Prospects: The 2022 Revision, last accessed July 2022."
474,Martinique,2022,Population mid-year estimates (millions),0.37,"Projected estimate (medium fertility variant).;For statistical purposes, the data for France do not include this area.","United Nations Population Division, New York, World Population Prospects: The 2022 Revision, last accessed July 2022."
175,Mayotte,2022,Population mid-year estimates (millions),0.33,"For statistical purposes, the data for France do not include this area.;Projected estimate (medium fertility variant).","United Nations Population Division, New York, World Population Prospects: The 2022 Revision, last accessed July 2022."
548,Vanuatu,2022,Population mid-year estimates (millions),0.33,Projected estimate (medium fertility variant).,"United Nations Population Division, New York, World Population Prospects: The 2022 Revision, last accessed July 2022."
258,French Polynesia,2022,Population mid-year estimates (millions),0.31,"Projected estimate (medium fertility variant).;For statistical purposes, the data for France do not include this area.","United Nations Population Division, New York, World Population Prospects: The 2022 Revision, last accessed July 2022."
254,French Guiana,2022,Population mid-year estimates (millions),0.3,"Projected estimate (medium fertility variant).;For statistical purposes, the data for France do not include this area.","United Nations Population Division, New York, World Population Prospects: The 2022 Revision, last accessed July 2022."
540,New Caledonia,2022,Population mid-year estimates (millions),0.29,"Projected estimate (medium fertility variant).;For statistical purposes, the data for France do not include this area.","United Nations Population Division, New York, World Population Prospects: The 2022 Revision, last accessed July 2022."
52,Barbados,2022,Population mid-year estimates (millions),0.28,Projected estimate (medium fertility variant).,"United Nations Population Division, New York, World Population Prospects: The 2022 Revision, last accessed July 2022."
678,Sao Tome and Principe,2022,Population mid-year estimates (millions),0.23,Projected estimate (medium fertility variant).,"United Nations Population Division, New York, World Population Prospects: The 2022 Revision, last accessed July 2022."
882,Samoa,2022,Population mid-year estimates (millions),0.22,Projected estimate (medium fertility variant).,"United Nations Population Division, New York, World Population Prospects: The 2022 Revision, last accessed July 2022."
531,Curaçao,2022,Population mid-year estimates (millions),0.19,"Projected estimate (medium fertility variant).;For statistical purposes, the data for Netherlands do not include this area.","United Nations Population Division, New York, World Population Prospects: The 2022 Revision, last accessed July 2022."
662,Saint Lucia,2022,Population mid-year estimates (millions),0.18,Projected estimate (medium fertility variant).,"United Nations Population Division, New York, World Population Prospects: The 2022 Revision, last accessed July 2022."
316,Guam,2022,Population mid-year estimates (millions),0.17,"Projected estimate (medium fertility variant).;For statistical purposes, the data for United States of America do not include this area.","United Nations Population Division, New York, World Population Prospects: The 2022 Revision, last accessed July 2022."
308,Grenada,2022,Population mid-year estimates (millions),0.13,Projected estimate (medium fertility variant).,"United Nations Population Division, New York, World Population Prospects: The 2022 Revision, last accessed July 2022."
296,Kiribati,2022,Population mid-year estimates (millions),0.13,Projected estimate (medium fertility variant).,"United Nations Population Division, New York, World Population Prospects: The 2022 Revision, last accessed July 2022."
533,Aruba,2022,Population mid-year estimates (millions),0.11,Projected estimate (medium fertility variant).,"United Nations Population Division, New York, World Population Prospects: The 2022 Revision, last accessed July 2022."
583,Micronesia (Fed. States of),2022,Population mid-year estimates (millions),0.11,Projected estimate (medium fertility variant).,"United Nations Population Division, New York, World Population Prospects: The 2022 Revision, last accessed July 2022."
690,Seychelles,2022,Population mid-year estimates (millions),0.11,Projected estimate (medium fertility variant).,"United Nations Population Division, New York, World Population Prospects: The 2022 Revision, last accessed July 2022."
776,Tonga,2022,Population mid-year estimates (millions),0.11,Projected estimate (medium fertility variant).,"United Nations Population Division, New York, World Population Prospects: The 2022 Revision, last accessed July 2022."
670,Saint Vincent & Grenadines,2022,Population mid-year estimates (millions),0.1,Projected estimate (medium fertility variant).,"United Nations Population Division, New York, World Population Prospects: The 2022 Revision, last accessed July 2022."
850,United States Virgin Islands,2022,Population mid-year estimates (millions),0.1,"Projected estimate (medium fertility variant).;For statistical purposes, the data for United States of America do not include this area.","United Nations Population Division, New York, World Population Prospects: The 2022 Revision, last accessed July 2022."
28,Antigua and Barbuda,2022,Population mid-year estimates (millions),0.09,Projected estimate (medium fertility variant).,"United Nations Population Division, New York, World Population Prospects: The 2022 Revision, last accessed July 2022."
20,Andorra,2022,Population mid-year estimates (millions),0.08,Projected estimate (medium fertility variant).,"United Nations Population Division, New York, World Population Prospects: The 2022 Revision, last accessed July 2022."
833,Isle of Man,2022,Population mid-year estimates (millions),0.08,"Projected estimate (medium fertility variant).;For statistical purposes, the data for United Kingdom do not include this area.","United Nations Population Division, New York, World Population Prospects: The 2022 Revision, last accessed July 2022."
136,Cayman Islands,2022,Population mid-year estimates (millions),0.07,"Projected estimate (medium fertility variant).;For statistical purposes, the data for United Kingdom do not include this area.","United Nations Population Division, New York, World Population Prospects: The 2022 Revision, last accessed July 2022."
212,Dominica,2022,Population mid-year estimates (millions),0.07,Projected estimate (medium fertility variant).,"United Nations Population Division, New York, World Population Prospects: The 2022 Revision, last accessed July 2022."
60,Bermuda,2022,Population mid-year estimates (millions),0.06,Projected estimate (medium fertility variant).,"United Nations Population Division, New York, World Population Prospects: The 2022 Revision, last accessed July 2022."
304,Greenland,2022,Population mid-year estimates (millions),0.06,"Projected estimate (medium fertility variant).;For statistical purposes, the data for Denmark do not include this area.","United Nations Population Division, New York, World Population Prospects: The 2022 Revision, last accessed July 2022."
234,Faroe Islands,2022,Population mid-year estimates (millions),0.05,"Projected estimate (medium fertility variant).;For statistical purposes, the data for Denmark do not include this area.","United Nations Population Division, New York, World Population Prospects: The 2022 Revision, last accessed July 2022."
580,Northern Mariana Islands,2022,Population mid-year estimates (millions),0.05,"Projected estimate (medium fertility variant).;For statistical purposes, the data for United States of America do not include this area.","United Nations Population Division, New York, World Population Prospects: The 2022 Revision, last accessed July 2022."
659,Saint Kitts and Nevis,2022,Population mid-year estimates (millions),0.05,Projected estimate (medium fertility variant).,"United Nations Population Division, New York, World Population Prospects: The 2022 Revision, last accessed July 2022."
796,Turks and Caicos Islands,2022,Population mid-year estimates (millions),0.05,"Projected estimate (medium fertility variant).;For statistical purposes, the data for United Kingdom do not include this area.","United Nations Population Division, New York, World Population Prospects: The 2022 Revision, last accessed July 2022."
16,American Samoa,2022,Population mid-year estimates (millions),0.04,"Projected estimate (medium fertility variant).;For statistical purposes, the data for United States of America do not include this area.","United Nations Population Division, New York, World Population Prospects: The 2022 Revision, last accessed July 2022."
438,Liechtenstein,2022,Population mid-year estimates (millions),0.04,Projected estimate (medium fertility variant).,"United Nations Population Division, New York, World Population Prospects: The 2022 Revision, last accessed July 2022."
584,Marshall Islands,2022,Population mid-year estimates (millions),0.04,Projected estimate (medium fertility variant).,"United Nations Population Division, New York, World Population Prospects: The 2022 Revision, last accessed July 2022."
492,Monaco,2022,Population mid-year estimates (millions),0.04,Projected estimate (medium fertility variant).,"United Nations Population Division, New York, World Population Prospects: The 2022 Revision, last accessed July 2022."
534,Sint Maarten (Dutch part),2022,Population mid-year estimates (millions),0.04,"Projected estimate (medium fertility variant).;For statistical purposes, the data for Netherlands do not include this area.","United Nations Population Division, New York, World Population Prospects: The 2022 Revision, last accessed July 2022."
535,"Bonaire, St. Eustatius & Saba",2022,Population mid-year estimates (millions),0.03,"For statistical purposes, the data for Netherlands do not include this area.;Projected estimate (medium fertility variant).","United Nations Population Division, New York, World Population Prospects: The 2022 Revision, last accessed July 2022."
92,British Virgin Islands,2022,Population mid-year estimates (millions),0.03,"Projected estimate (medium fertility variant).;For statistical purposes, the data for United Kingdom do not include this area.","United Nations Population Division, New York, World Population Prospects: The 2022 Revision, last accessed July 2022."
292,Gibraltar,2022,Population mid-year estimates (millions),0.03,"Projected estimate (medium fertility variant).;For statistical purposes, the data for United Kingdom do not include this area.","United Nations Population Division, New York, World Population Prospects: The 2022 Revision, last accessed July 2022."
663,Saint Martin (French part),2022,Population mid-year estimates (millions),0.03,"For statistical purposes, the data for France do not include this area.;Projected estimate (medium fertility variant).","United Nations Population Division, New York, World Population Prospects: The 2022 Revision, last accessed July 2022."
674,San Marino,2022,Population mid-year estimates (millions),0.03,Projected estimate (medium fertility variant).,"United Nations Population Division, New York, World Population Prospects: The 2022 Revision, last accessed July 2022."
660,Anguilla,2022,Population mid-year estimates (millions),0.02,"Projected estimate (medium fertility variant).;For statistical purposes, the data for United Kingdom do not include this area.","United Nations Population Division, New York, World Population Prospects: The 2022 Revision, last accessed July 2022."
184,Cook Islands,2022,Population mid-year estimates (millions),0.02,"Projected estimate (medium fertility variant).;For statistical purposes, the data for New Zealand do not include this area.","United Nations Population Division, New York, World Population Prospects: The 2022 Revision, last accessed July 2022."
585,Palau,2022,Population mid-year estimates (millions),0.02,Projected estimate (medium fertility variant).,"United Nations Population Division, New York, World Population Prospects: The 2022 Revision, last accessed July 2022."
520,Nauru,2022,Population mid-year estimates (millions),0.01,Projected estimate (medium fertility variant).,"United Nations Population Division, New York, World Population Prospects: The 2022 Revision, last accessed July 2022."
652,Saint Barthélemy,2022,Population mid-year estimates (millions),0.01,"For statistical purposes, the data for France do not include this area.;Projected estimate (medium fertility variant).","United Nations Population Division, New York, World Population Prospects: The 2022 Revision, last accessed July 2022."
654,Saint Helena,2022,Population mid-year estimates (millions),0.01,"Projected estimate (medium fertility variant).;Including Ascension and Tristan da Cunha. For statistical purposes, the data for United Kingdom do not include this area.","United Nations Population Division, New York, World Population Prospects: The 2022 Revision, last accessed July 2022."
666,Saint Pierre and Miquelon,2022,Population mid-year estimates (millions),0.01,"Projected estimate (medium fertility variant).;For statistical purposes, the data for France do not include this area.","United Nations Population Division, New York, World Population Prospects: The 2022 Revision, last accessed July 2022."
798,Tuvalu,2022,Population mid-year estimates (millions),0.01,Projected estimate (medium fertility variant).,"United Nations Population Division, New York, World Population Prospects: The 2022 Revision, last accessed July 2022."
876,Wallis and Futuna Islands,2022,Population mid-year estimates (millions),0.01,"Projected estimate (medium fertility variant).;For statistical purposes, the data for France do not include this area.","United Nations Population Division, New York, World Population Prospects: The 2022 Revision, last accessed July 2022."
238,Falkland Islands (Malvinas),2022,Population mid-year estimates (millions),0,"Projected estimate (medium fertility variant).;A dispute exists between the Governments of Argentina and the United Kingdom of Great Britain and Northern Ireland concerning sovereignty over the Falkland Islands (Malvinas). For statistical purposes, the data for United Kingdom do not include this area.","United Nations Population Division, New York, World Population Prospects: The 2022 Revision, last accessed July 2022."
500,Montserrat,2022,Population mid-year estimates (millions),0,"Projected estimate (medium fertility variant).;For statistical purposes, the data for United Kingdom do not include this area.","United Nations Population Division, New York, World Population Prospects: The 2022 Revision, last accessed July 2022."
570,Niue,2022,Population mid-year estimates (millions),0,"Projected estimate (medium fertility variant).;For statistical purposes, the data for New Zealand do not include this area.","United Nations Population Division, New York, World Population Prospects: The 2022 Revision, last accessed July 2022."
772,Tokelau,2022,Population mid-year estimates (millions),0,"Projected estimate (medium fertility variant).;For statistical purposes, the data for New Zealand do not include this area.","United Nations Population Division, New York, World Population Prospects: The 2022 Revision, last accessed July 2022."